n,serial,omp,mpi,omp_speedup,mpi_speedup,l2_error
32,0.0301394,0.0182235,0.000145304,1.65388,207.423,0.00954989
