n,serial,omp,mpi,omp_speedup,mpi_speedup,l2_error
10,0.00026269,0.000486405,0.000164527,0.540064,1.59664,0.0624374
