n,serial,omp,mpi,omp_speedup,mpi_speedup,l2_error
32,0.0517845,0.0438871,0.0286747,1.17995,1.80593,0.00954989
