n,serial,omp,mpi,omp_speedup,mpi_speedup,l2_error
16,0.00391524,0.00500872,0.00428039,0.781685,0.914693,0.0285648
