n,serial,omp,speedup,l2_error
8,0.000218533,0.000365814,0.597388,0.0925138
16,0.00274609,0.00337163,0.81447,0.0285648
32,0.0519895,0.0402537,1.29154,0.00954989
64,0.730833,0.487061,1.50049,0.0032912
128,11.3282,6.17799,1.83364,0.00114947
